Id,Yard number,Yard name,Sale Date M/D/CY,Day of Week,Sale time (HHMM),Time Zone,Item#,Lot number,Vehicle Type,Year,Make,Model Group,Model Detail,Body Style,Color,Damage Description,Secondary Damage,Sale Title State,Sale Title Type,Has Keys-Yes or No,Lot Cond. Code,VIN,Odometer,Odometer Brand,Est. Retail Value,Repair cost,Engine,Drive,Transmission,Fuel Type,Cylinders,Runs/Drives,Sale Status,"High Bid =non-vix,Sealed=Vix",Special Note,Location city,Location state,Location ZIP,Location country,Currency Code,Image Thumbnail,Create Date/Time,Grid/Row,Make-an-Offer Eligible,Buy-It-Now Price,Image URL,Trim,Last Updated Time,Rentals,Copart Select
1,1,CA - VALLEJO,20220603,FRIDAY,1200,PDT,0,32162252,V,2012,VOLKSWAGEN,CC,CC SPORT,,CHARCOAL,NORMAL WEAR,,CA,AQ,NO,E,WVWMP7AN4CE503117,114074,A,0,0,2.0L  4,Front-wheel Drive,AUTOMATIC,GAS,4,DEFAULT,On Approval,0,,VALLEJO,CA,94590 7203,USA,USD,cs.copart.com/v1/AUTH_svc.pdoc00001/LPP242/4d69ccf40f604e8ba0ab23db5e499967_thb.jpg,2022-06-02-07.40.18.000331,SF008,N,0,http://inventoryv2.copart.io/v1/lotImages/32162252?country=us&brand=cprt&yardNumber=1,SPORT,2022-06-01T22:00:48Z,N,N
2,1,CA - VALLEJO,0,,,PDT,0,32614842,U,1981,INTERNATIONAL,ALL MODELS,CARGOSTAR,TILT CAB,WHITE,NORMAL WEAR,,CA,AN,YES,,2HTD10354BCA14524,181102,A,9000,0,8,Rear-wheel drive,MANUAL,DIESEL,8,,On Minimum Bid,15,VEH LOCATED @ FAIRFLD SUBLOT,VALLEJO,CA,94590 7203,USA,USD,cs.copart.com/v1/AUTH_svc.pdoc00001/LPP248/349b8092e9d4400187a27cca90af6d65_thb.jpg,2022-06-02-07.40.18.000338,CC100,N,0,http://inventoryv2.copart.io/v1/lotImages/32614842?country=us&brand=cprt&yardNumber=1,CO1850,2022-05-28T07:01:00Z,N,N
3,1,CA - VALLEJO,0,,,PDT,0,34100882,V,1991,BUICK,CENTURY,CENTURY CU,,WHITE,FRONT END,MINOR DENT/SCRATCHES,CA,NR,EXM,E,3G4AH54N0MS611088,170568,A,2255,0,3.3L  6,Front-wheel Drive,AUTOMATIC,GAS,6,DEFAULT,Pure Sale,0,,VALLEJO,CA,94590 7203,USA,USD,cs.copart.com/v1/AUTH_svc.pdoc00001/LPP257/8b84f3507bc341dcb0ce3fad70f28d23_thb.jpg,2022-06-02-07.40.18.000347, A040,N,0,http://inventoryv2.copart.io/v1/lotImages/34100882?country=us&brand=cprt&yardNumber=1,CUSTOM,2022-05-27T21:48:44Z,N,N
4,1,CA - VALLEJO,0,,,PDT,0,34462002,L,2012,KYST,TRAILER,TRAILER,,WHITE,VANDALISM,REAR END,CA,NR,NO,E,4YDF27328C1532294,0,N,26286,22205.01,,,,,,DEFAULT,Pure Sale,60,,VALLEJO,CA,94590 7203,USA,USD,cs.copart.com/v1/AUTH_svc.pdoc00001/LPP258/bbe91a77a97445778e14522b38f8cccc_thb.jpg,2022-06-02-07.40.18.000373,GG100,N,0,http://inventoryv2.copart.io/v1/lotImages/34462002?country=us&brand=cprt&yardNumber=1,,2022-03-25T19:27:37Z,N,N
5,1,CA - VALLEJO,20220603,FRIDAY,1200,PDT,0,34682352,L,1996,GREAT DANE TRAILER,TRAILER,TRAILER,,BROWN,ALL OVER,ROLLOVER,CA,SC,EXM,E,1GRAA9020TB017404,0,E,6282,0,,,,,,DEFAULT,On Minimum Bid,425,VEH LOCATED @ FAIRFLD SUBLOT,VALLEJO,CA,94590 7203,USA,USD,cs.copart.com/v1/AUTH_svc.pdoc00001/LPP261/73562730d7694b2ea046e2ca5f77bcca_thb.jpg,2022-06-02-07.40.18.000373,EE070,N,0,http://inventoryv2.copart.io/v1/lotImages/34682352?country=us&brand=cprt&yardNumber=1,,2022-05-27T21:11:37Z,N,N
6,1,CA - VALLEJO,20220603,FRIDAY,1200,PDT,0,34888602,V,2014,MERCEDES-BENZ,C-CLASS,C 250,,GRAY,FRONT END,,CA,SC,YES,D,WDDGF4HB7EA965374,100360,A,13971,0,1.8L  4,Rear-wheel drive,AUTOMATIC,GAS,4,Run & Drive Verified,Pure Sale,0,,VALLEJO,CA,94590 7203,USA,USD,cs.copart.com/v1/AUTH_svc.pdoc00001/LPP257/1ae26e6ea96441ef867e509a4a91ac62_thb.jpg,2022-06-02-07.40.18.000374, D060,N,0,http://inventoryv2.copart.io/v1/lotImages/34888602?country=us&brand=cprt&yardNumber=1,250,2022-05-31T14:42:50Z,N,N
7,1,CA - VALLEJO,20220603,FRIDAY,1200,PDT,0,34945572,L,2000,GENE,GENERATOR,GENERATOR,,WHITE,NORMAL WEAR,,CA,BS,EXM,E,GENERATORN0V1N,0,E,0,0,,,,,,DEFAULT,On Minimum Bid,0,***TRAILER NOT INCLUDED***  ,VALLEJO,CA,94590 7203,USA,USD,cs.copart.com/v1/AUTH_svc.pdoc00001/LPP256/d4e00663fa9c440b92466c989dd9fd33_thb.jpg,2022-06-02-07.40.18.000375,EE060,Y,2400,http://inventoryv2.copart.io/v1/lotImages/34945572?country=us&brand=cprt&yardNumber=1,,2022-06-01T02:12:26Z,N,N
8,1,CA - VALLEJO,20220603,FRIDAY,1200,PDT,0,35109712,V,2016,CHEVROLET,MALIBU,MALIBU LIM,,WHITE,SIDE,UNDERCARRIAGE,CA,SC,YES,D,1G11A5SA0GU159052,96092,A,14276,13076.61,2.5L  4,Front-wheel Drive,AUTOMATIC,GAS,4,Run & Drive Verified,Pure Sale,0,,VALLEJO,CA,94590 7203,USA,USD,cs.copart.com/v1/AUTH_svc.pdoc00001/LPP258/2cdc05bcdb384e5da156d08f95e785e1_thb.jpg,2022-06-02-07.40.18.000375,SG006,N,0,http://inventoryv2.copart.io/v1/lotImages/35109712?country=us&brand=cprt&yardNumber=1,LS,2022-05-26T17:27:50Z,N,N
9,1,CA - VALLEJO,20220603,FRIDAY,1200,PDT,0,35144772,V,2021,JEEP,WRANGLER,WRANGLER U,,SILVER,FRONT END,SIDE,CO,CQ,YES,E,1C4HJXDN3MW580376,39379,A,0,0,2.0L  4,4x4 w/Rear Wheel Drv,AUTOMATIC,GAS,4,DEFAULT,On Approval,2700,,VALLEJO,CA,94590 7203,USA,USD,cs.copart.com/v1/AUTH_svc.pdoc00001/LPP259/7582daeb879346789ffc419d8e93e869_thb.jpg,2022-06-02-07.40.18.000375,SC006,N,0,http://inventoryv2.copart.io/v1/lotImages/35144772?country=us&brand=cprt&yardNumber=1,SPORT,2022-05-27T19:25:57Z,N,N
10,1,CA - VALLEJO,0,,,PDT,0,35554802,V,2002,PORSCHE,BOXSTER,BOXSTER,,WHITE,FRONT END,,CA,SC,YES,D,WP0CA298X2U624348,67533,A,12938,20018.58,2.7L  6,Rear-wheel drive,AUTOMATIC,GAS,6,Run & Drive Verified,Pure Sale,0,,VALLEJO,CA,94590 7203,USA,USD,cs.copart.com/v1/AUTH_svc.pdoc00001/LPP262/c8ec92d6370346d1bffb807f5a1e2f96_thb.jpg,2022-06-02-07.40.18.000394, D110,N,0,http://inventoryv2.copart.io/v1/lotImages/35554802?country=us&brand=cprt&yardNumber=1,,2022-05-25T21:53:31Z,N,N
11,1,CA - VALLEJO,20220603,FRIDAY,1200,PDT,0,35689722,V,2015,MAZDA,3,3 TOURING,,CHARCOAL,SIDE,,CA,SC,YES,D,JM1BM1L72F1267624,55209,A,17035,14034.28,2.0L  4,Front-wheel Drive,AUTOMATIC,GAS,4,Run & Drive Verified,Pure Sale,2050,,VALLEJO,CA,94590 7203,USA,USD,cs.copart.com/v1/AUTH_svc.pdoc00001/LPP263/5c63bfec5981451db8c7f9cfdc8c2e9a_thb.jpg,2022-06-02-07.40.18.000395, A060,N,0,http://inventoryv2.copart.io/v1/lotImages/35689722?country=us&brand=cprt&yardNumber=1,TOURING,2022-06-01T18:37:59Z,N,N
12,1,CA - VALLEJO,0,,,PDT,0,35722902,V,1995,ACURA,INTEGRA,INTEGRA SE,,GREEN,VANDALISM,,CA,SC,NO,E,JH4DC4460SS010466,67609,A,7205,0,1.8L  4,Front-wheel Drive,AUTOMATIC,GAS,4,DEFAULT,Pure Sale,0,,VALLEJO,CA,94590 7203,USA,USD,cs.copart.com/v1/AUTH_svc.pdoc00001/LPP262/fe7bc3d5aca042c9bce0a130ff593d2f_thb.jpg,2022-06-02-07.40.18.000406, B070,N,0,http://inventoryv2.copart.io/v1/lotImages/35722902?country=us&brand=cprt&yardNumber=1,SE,2022-05-12T19:49:32Z,N,N
13,1,CA - VALLEJO,20220603,FRIDAY,1200,PDT,0,35756482,V,2017,BMW,3 SERIES,328 D XDRI,,SILVER,SIDE,MECHANICAL,CA,SC,YES,S,WBA8J1C39HA018608,46353,A,33143,0,2.0L  4,All wheel drive,AUTOMATIC,DIESEL,4,Vehicle Starts,Pure Sale,7200,,VALLEJO,CA,94590 7203,USA,USD,cs.copart.com/v1/AUTH_svc.pdoc00001/LPP264/0a0e7477848549cbb922228395d4cb6a_thb.jpg,2022-06-02-07.40.18.000407,SH008,N,0,http://inventoryv2.copart.io/v1/lotImages/35756482?country=us&brand=cprt&yardNumber=1,D XDRIVE,2022-05-31T18:16:57Z,N,N
14,1,CA - VALLEJO,0,,,PDT,0,36042602,M,2002,ARIM,BF90A,BF90A,,TWO TONE,ALL OVER,,CA,AQ,NO,E,AMI2L325C202,0,E,23500,26112,,,AUTOMATIC,,,DEFAULT,Pure Sale,15,,VALLEJO,CA,94590 7203,USA,USD,cs.copart.com/v1/AUTH_svc.pdoc00001/LPP264/7e6c73fb2fa84488b2acd0eba64a435a_thb.jpg,2022-06-02-07.40.18.000407,II070,N,0,http://inventoryv2.copart.io/v1/lotImages/36042602?country=us&brand=cprt&yardNumber=1,,2022-05-19T16:57:13Z,N,N
15,1,CA - VALLEJO,20220603,FRIDAY,1200,PDT,0,36330032,V,2019,RAM,2500,2500 TRADE,,WHITE,FRONT END,,CA,SC,NO,E,3C7WR4HJ3KG543610,0,N,45376,49019.74,6.4L  8,Rear-wheel drive,AUTOMATIC,GAS,8,DEFAULT,On Minimum Bid,0,,VALLEJO,CA,94590 7203,USA,USD,cs.copart.com/v1/AUTH_svc.pdoc00001/LPP278/9256901b37f34b82aa4f2fd20a3ce75f_thb.jpg,2022-06-02-07.40.18.000407, C020,N,0,http://inventoryv2.copart.io/v1/lotImages/36330032?country=us&brand=cprt&yardNumber=1,TRADESMAN,2022-06-01T12:37:16Z,N,N
16,1,CA - VALLEJO,0,,,PDT,0,36614412,V,2014,HYUNDAI,SONATA,SONATA GLS,,BURN,BURN,,CA,NR,EXM,E,5NPEB4AC8EH906309,0,N,6582,0,2.4L  4,Front-wheel Drive,AUTOMATIC,GAS,4,DEFAULT,Pure Sale,0,,VALLEJO,CA,94590 7203,USA,USD,cs.copart.com/v1/AUTH_svc.pdoc00001/LPP267/41b806d842384bdfbcd536fa6634ea62_thb.jpg,2022-06-02-07.40.18.000408, A130,N,0,http://inventoryv2.copart.io/v1/lotImages/36614412?country=us&brand=cprt&yardNumber=1,GLS,2022-05-12T17:42:40Z,N,N
17,1,CA - VALLEJO,0,,,PDT,0,36701412,V,2013,TOYOTA,RAV4,RAV4 LIMIT,,WHITE,FRONT END,REAR END,CA,SC,YES,D,2T3YFREV8DW035283,138174,A,17600,15016.95,2.5L  4,Front-wheel Drive,AUTOMATIC,GAS,4,Run & Drive Verified,Pure Sale,0,,VALLEJO,CA,94590 7203,USA,USD,cs.copart.com/v1/AUTH_svc.pdoc00001/LPP269/44587441244b4b26aed617c881d6dffc_thb.jpg,2022-06-02-07.40.18.000408, C070,N,0,http://inventoryv2.copart.io/v1/lotImages/36701412?country=us&brand=cprt&yardNumber=1,LIMITED,2022-06-01T23:12:31Z,N,N
18,1,CA - VALLEJO,0,,,PDT,0,36778322,V,2013,LINCOLN,MKX,MKX,,BLUE,ALL OVER,,CA,NR,EXM,E,2LMDJ8JK6DBL46426,0,N,16201,16481,3.7L  6,All wheel drive,AUTOMATIC,GAS,6,DEFAULT,Pure Sale,0,,VALLEJO,CA,94590 7203,USA,USD,cs.copart.com/v1/AUTH_svc.pdoc00001/LPP269/fe710403eba14e28a5c603994cf28be3_thb.jpg,2022-06-02-07.40.18.000408,SB007,N,0,http://inventoryv2.copart.io/v1/lotImages/36778322?country=us&brand=cprt&yardNumber=1,,2022-05-03T19:08:42Z,N,N
19,1,CA - VALLEJO,20220603,FRIDAY,1200,PDT,0,36790312,V,2003,CHEVROLET,SILVERADO,SILVERADO,PICKUP,BLACK,UNDERCARRIAGE,VANDALISM,CA,SC,YES,D,1GCGC24U63Z258828,162141,A,8354,0,6.0L  8,Rear-wheel drive,AUTOMATIC,GAS,8,Run & Drive Verified,On Approval,800,MISSING CAT                 ,VALLEJO,CA,94590 7203,USA,USD,cs.copart.com/v1/AUTH_svc.pdoc00001/LPP318/e4de6562da4b4afaa9d25557628f18dd_thb.jpg,2022-06-02-07.40.18.000409, E030,N,0,http://inventoryv2.copart.io/v1/lotImages/36790312?country=us&brand=cprt&yardNumber=1,C2500,2022-05-26T19:05:56Z,N,N
20,1,CA - VALLEJO,20220603,FRIDAY,1200,PDT,0,36815112,V,2012,CHEVROLET,SONIC,SONIC LT,,RED,MECHANICAL,,CA,CQ,YES,S,1G1JC5SB1C4168212,140993,A,0,0,1.4L  4,Front-wheel Drive,AUTOMATIC,GAS,4,Vehicle Starts,On Minimum Bid,0,,VALLEJO,CA,94590 7203,USA,USD,cs.copart.com/v1/AUTH_svc.pdoc00001/LPP268/7d42929b1cd541f4b39388909b416d36_thb.jpg,2022-06-02-07.40.18.000409,SD005,Y,1400,http://inventoryv2.copart.io/v1/lotImages/36815112?country=us&brand=cprt&yardNumber=1,LT,2022-05-27T22:01:27Z,N,N
21,1,CA - VALLEJO,20220603,FRIDAY,1200,PDT,0,36830652,V,2017,JEEP,RENEGADE,RENEGADE S,,GRAY,FRONT END,REAR END,CA,SC,NO,E,ZACCJAAB4HPG05063,60660,A,19453,0,2.4L  4,Front-wheel Drive,AUTOMATIC,GAS,4,DEFAULT,On Approval,0,,VALLEJO,CA,94590 7203,USA,USD,cs.copart.com/v1/AUTH_svc.pdoc00001/LPP272/0c0d1fbc6abf4bc28b23fe300e06e202_thb.jpg,2022-06-02-07.40.18.000409, A040,N,0,http://inventoryv2.copart.io/v1/lotImages/36830652?country=us&brand=cprt&yardNumber=1,SPORT,2022-06-01T21:21:20Z,N,N
22,1,CA - VALLEJO,20220603,FRIDAY,1200,PDT,0,36935702,V,2014,GMC,ACADIA,ACADIA SLE,,BURN,BURN,,CA,NR,EXM,E,1GKKRNED5EJ206492,0,N,16842.32,16842.32,3.6L  6,Front-wheel Drive,AUTOMATIC,GAS,6,DEFAULT,Pure Sale,0,,VALLEJO,CA,94590 7203,USA,USD,cs.copart.com/v1/AUTH_svc.pdoc00001/LPP270/8f581548c5d249dab9e989fe7be7655f_thb.jpg,2022-06-02-07.40.18.000410, A130,N,0,http://inventoryv2.copart.io/v1/lotImages/36935702?country=us&brand=cprt&yardNumber=1,SLE,2022-05-27T15:27:24Z,N,N
23,1,CA - VALLEJO,20220603,FRIDAY,1200,PDT,0,36977332,V,2016,TOYOTA,RAV4,RAV4 XLE,,WHITE,SIDE,,CA,SC,NO,E,2T3RFREV0GW489200,0,N,22528,15264.28,2.5L  4,All wheel drive,AUTOMATIC,GAS,4,DEFAULT,On Minimum Bid,200,,VALLEJO,CA,94590 7203,USA,USD,cs.copart.com/v1/AUTH_svc.pdoc00001/LPP273/31ee33ee7d5d40a9811283461e533bdc_thb.jpg,2022-06-02-07.40.18.000429, E080,N,0,http://inventoryv2.copart.io/v1/lotImages/36977332?country=us&brand=cprt&yardNumber=1,XLE,2022-05-31T17:54:14Z,N,N
24,1,CA - VALLEJO,20220603,FRIDAY,1200,PDT,0,37030982,V,2017,NISSAN,SENTRA,SENTRA S,,BURN,BURN,BURN - ENGINE,CA,NR,EXM,E,3N1AB7AP6HY347596,0,N,13836,13836,1.8L  4,Front-wheel Drive,AUTOMATIC,GAS,4,DEFAULT,Pure Sale,0,,VALLEJO,CA,94590 7203,USA,USD,cs.copart.com/v1/AUTH_svc.pdoc00001/LPP270/d68a9886a2924580823dbe31ce6ae1b2_thb.jpg,2022-06-02-07.40.18.000430,SG001,N,0,http://inventoryv2.copart.io/v1/lotImages/37030982?country=us&brand=cprt&yardNumber=1,S,2022-05-31T22:34:12Z,N,N
25,1,CA - VALLEJO,20220603,FRIDAY,1200,PDT,0,37170552,V,2021,TESLA,MODEL 3,MODEL 3,,WHITE,REAR END,,CA,SC,YES,D,5YJ3E1EC3MF850879,13977,A,49123,39988.85,,All wheel drive,AUTOMATIC,ELECTRIC,,Run & Drive Verified,Pure Sale,15100,,VALLEJO,CA,94590 7203,USA,USD,cs.copart.com/v1/AUTH_svc.pdoc00001/LPP273/52b10a581da34978adc0fcb14ad3cc25_thb.jpg,2022-06-02-07.40.18.000430,SH008,N,0,http://inventoryv2.copart.io/v1/lotImages/37170552?country=us&brand=cprt&yardNumber=1,,2022-06-01T17:47:17Z,N,N
26,841,CRASHEDTOYS POWERSPORT AUCTION,20220602,THURSDAY,1200,CDT,4065,37533132,C,2016,YAMAHA,YZF600,YZFR6 C,RACER,CHARCOAL,FRONT END,,CA,SC,NO,E,JYARJ16Y0GA011118,0,N,856.38,0,4,,MANUAL,GAS,4,DEFAULT,Pure Sale,1200,,VALLEJO,CA,94590 7203,USA,USD,cs.copart.com/v1/AUTH_svc.pdoc00001/LPP275/55f9d401a5a64c8c972e68377879996f_thb.jpg,2022-06-02-07.40.18.000431,MC001,N,0,http://inventoryv2.copart.io/v1/lotImages/37533132?country=us&brand=cprt&yardNumber=841,C,2022-06-01T18:50:52Z,N,N
27,1,CA - VALLEJO,20220603,FRIDAY,1200,PDT,0,37618512,V,2003,TOYOTA,4RUNNER,4RUNNER SR,4DR SPOR,TWO TONE,MINOR DENT/SCRATCHES,,CA,CQ,YES,D,JTEZT14R930010510,204892,E,9750,0,4.7L  8,Rear-wheel drive,AUTOMATIC,GAS,8,Run & Drive Verified,On Minimum Bid,0,,VALLEJO,CA,94590 7203,USA,USD,cs.copart.com/v1/AUTH_svc.pdoc00001/LPP276/9edc43dd1f244732b64ebd2c281cdb49_thb.jpg,2022-06-02-07.40.18.000432,SF003,Y,3200,http://inventoryv2.copart.io/v1/lotImages/37618512?country=us&brand=cprt&yardNumber=1,SR5,2022-05-27T20:22:20Z,N,N
28,1,CA - VALLEJO,20220603,FRIDAY,1200,PDT,0,37703562,V,1999,HONDA,ODYSSEY,ODYSSEY LX,,TAN,VANDALISM,,CA,AQ,YES,D,2HKRL1859XH502698,0,E,0,0,3.5L  6,Front-wheel Drive,AUTOMATIC,GAS,6,Run & Drive Verified,On Approval,0,MISSING EXHAUST/CAT         ,VALLEJO,CA,94590 7203,USA,USD,cs.copart.com/v1/AUTH_svc.pdoc00001/LPP275/73cd8efab52341e3a8001998c26dd58d_thb.jpg,2022-06-02-07.40.18.000432,SE005,N,0,http://inventoryv2.copart.io/v1/lotImages/37703562?country=us&brand=cprt&yardNumber=1,LX,2022-05-31T23:48:14Z,N,N
29,1,CA - VALLEJO,20220603,FRIDAY,1200,PDT,0,37867892,V,2007,TOYOTA,CAMRY,CAMRY CE,,TEAL,FRONT END,SIDE,CA,SC,YES,D,JTNBE46K673064266,199890,A,6281,6329.89,2.4L  4,Front-wheel Drive,AUTOMATIC,GAS,4,Run & Drive Verified,On Minimum Bid,0,,VALLEJO,CA,94590 7203,USA,USD,cs.copart.com/v1/AUTH_svc.pdoc00001/LPP275/9788a73e78e145aea6292510440fd15e_thb.jpg,2022-06-02-07.40.18.000432, A010,N,1350,http://inventoryv2.copart.io/v1/lotImages/37867892?country=us&brand=cprt&yardNumber=1,CE,2022-05-29T02:12:20Z,N,N
30,1,CA - VALLEJO,0,,,PDT,0,38182592,V,2017,SUBARU,WRX,WRX STI,,SILVER,REAR END,FRONT END,CA,SC,YES,D,JF1VA2V60H9841695,40013,A,33151,0,2.5L  4,All wheel drive,MANUAL,GAS,4,Run & Drive Verified,Pure Sale,0,,VALLEJO,CA,94590 7203,USA,USD,cs.copart.com/v1/AUTH_svc.pdoc00001/LPP278/d9818b8455674c5cbcd23cf1b3dc2a2c_thb.jpg,2022-06-02-07.40.18.000432, B100,N,0,http://inventoryv2.copart.io/v1/lotImages/38182592?country=us&brand=cprt&yardNumber=1,STI,2022-06-01T22:36:22Z,N,N
31,1,CA - VALLEJO,0,,,PDT,0,38306172,V,2018,FORD,FUSION,FUSION SE,,WHITE,FRONT END,TOP/ROOF,CA,SC,YES,E,3FA6P0LU8JR170313,105755,A,15517,16088,2.0L  4,Front-wheel Drive,AUTOMATIC,HYBRID ENGINE,4,DEFAULT,On Minimum Bid,0,,VALLEJO,CA,94590 7203,USA,USD,cs.copart.com/v1/AUTH_svc.pdoc00001/LPP278/985b28e8a09149b795874d3f46cdf468_thb.jpg,2022-06-02-07.40.18.000461,SD005,N,0,http://inventoryv2.copart.io/v1/lotImages/38306172?country=us&brand=cprt&yardNumber=1,SE HYBRID,2022-05-27T17:37:23Z,N,N
32,1,CA - VALLEJO,20220603,FRIDAY,1200,PDT,0,38323332,V,2012,BUICK,ENCLAVE,ENCLAVE,,BROWN,SIDE,,CA,SC,YES,D,5GAKRDED5CJ157072,184721,A,14097,0,3.6L  6,Front-wheel Drive,AUTOMATIC,GAS,6,Run & Drive Verified,Pure Sale,0,,VALLEJO,CA,94590 7203,USA,USD,cs.copart.com/v1/AUTH_svc.pdoc00001/LPP278/5a2f6be03b1d4648a5698c2e62ac4a93_thb.jpg,2022-06-02-07.40.18.000461, B100,N,0,http://inventoryv2.copart.io/v1/lotImages/38323332?country=us&brand=cprt&yardNumber=1,,2022-06-01T21:20:49Z,N,N
33,1,CA - VALLEJO,20220603,FRIDAY,1200,PDT,0,38353402,V,2016,SUBARU,OUTBACK,OUTBACK 2.,,BLUE,SIDE,FRONT END,CA,SC,YES,E,4S4BSACC8G3203883,0,N,19436,0,2.5L  4,All wheel drive,AUTOMATIC,GAS,4,DEFAULT,On Minimum Bid,0,,VALLEJO,CA,94590 7203,USA,USD,cs.copart.com/v1/AUTH_svc.pdoc00001/LPP278/16d716a8d1334b7db2d8adcd5f430d96_thb.jpg,2022-06-02-07.40.18.000461, A070,N,0,http://inventoryv2.copart.io/v1/lotImages/38353402?country=us&brand=cprt&yardNumber=1,2.5I PREMIUM,2022-05-28T08:00:42Z,N,N
34,1,CA - VALLEJO,20220603,FRIDAY,1200,PDT,0,38420562,V,1999,DODGE,DURANGO,DURANGO,,TAN,FRONT END,REAR END,CA,AQ,NO,E,1B4HR28Y8XF665781,184416,A,5321,0,5.2L  8,Rear-wheel drive,,GAS,8,DEFAULT,Pure Sale,0,,VALLEJO,CA,94590 7203,USA,USD,cs.copart.com/v1/AUTH_svc.pdoc00001/LPP236/fcb6d553e20e468a84bfa5cf9dbf0741_thb.jpg,2022-06-02-07.40.18.000462, C070,N,0,http://inventoryv2.copart.io/v1/lotImages/38420562?country=us&brand=cprt&yardNumber=1,,2022-05-26T22:34:55Z,N,N
35,1,CA - VALLEJO,20220603,FRIDAY,1200,PDT,0,38504592,V,2015,TOYOTA,COROLLA,COROLLA L,,WHITE,FRONT END,,CA,SC,YES,E,5YFBURHE3FP199285,102514,A,14000,14000,1.8L  4,Front-wheel Drive,AUTOMATIC,GAS,4,DEFAULT,Pure Sale,0,,VALLEJO,CA,94590 7203,USA,USD,cs.copart.com/v1/AUTH_svc.pdoc00001/LPP278/85aa20651158464996eaaefb591f1de0_thb.jpg,2022-06-02-07.40.18.000462, C090,N,0,http://inventoryv2.copart.io/v1/lotImages/38504592?country=us&brand=cprt&yardNumber=1,L,2022-05-26T19:09:54Z,N,N
36,1,CA - VALLEJO,20220603,FRIDAY,1200,PDT,0,38509462,V,2014,DODGE,AVENGER,AVENGER SE,SEDAN 4D,BLACK,FRONT END,REAR END,CA,AQ,YES,S,1C3CDZAB6EN140087,74093,A,10316,9396.05,2.4L  4,Front-wheel Drive,,GAS,4,Vehicle Starts,Pure Sale,200,,VALLEJO,CA,94590 7203,USA,USD,cs.copart.com/v1/AUTH_svc.pdoc00001/PIX472/e7d4957a-16d1-4712-92d7-9e7cab7c2b85.JPG,2022-06-02-07.40.18.000466,SD005,N,0,http://inventoryv2.copart.io/v1/lotImages/38509462?country=us&brand=cprt&yardNumber=1,SE,2022-05-26T22:35:54Z,N,N
37,1,CA - VALLEJO,20220603,FRIDAY,1200,PDT,0,38556312,V,1994,HONDA,ACCORD,ACCORD EX,,WHITE,VANDALISM,MINOR DENT/SCRATCHES,CA,AQ,NO,E,JHMCD555XRC114536,274565,A,0,0,2.2L  4,Front-wheel Drive,,GAS,4,DEFAULT,Pure Sale,0,,VALLEJO,CA,94590 7203,USA,USD,cs.copart.com/v1/AUTH_svc.pdoc00001/PIX495/9eee030f-31d8-407b-b6ad-aa4ad29b51ab.JPG,2022-06-02-07.40.18.000466, B040,N,0,http://inventoryv2.copart.io/v1/lotImages/38556312?country=us&brand=cprt&yardNumber=1,EX,2022-05-26T22:34:24Z,N,N
38,1,CA - VALLEJO,20220610,FRIDAY,1200,PDT,0,38581522,V,2013,CHEVROLET,MALIBU,MALIBU LS,,BLACK,FRONT END,SIDE,CA,SC,YES,D,1G11B5SA1DF131418,102205,A,11524,9793.19,2.5L  4,Front-wheel Drive,AUTOMATIC,GAS,4,Run & Drive Verified,On Minimum Bid,0,,VALLEJO,CA,94590 7203,USA,USD,cs.copart.com/v1/AUTH_svc.pdoc00001/LPP279/32cda906432a463381091c6bcb7d1ba2_thb.jpg,2022-06-02-07.40.18.000467, C030,N,0,http://inventoryv2.copart.io/v1/lotImages/38581522?country=us&brand=cprt&yardNumber=1,LS,2022-06-01T20:59:19Z,N,N
39,1,CA - VALLEJO,20220603,FRIDAY,1200,PDT,0,38586312,V,2018,KIA,FORTE,FORTE LX,,SILVER,FRONT END,MINOR DENT/SCRATCHES,CA,SC,EXM,E,3KPFK4A79JE260848,0,N,18727,0,2.0L  4,Front-wheel Drive,AUTOMATIC,GAS,4,DEFAULT,Pure Sale,0,,VALLEJO,CA,94590 7203,USA,USD,cs.copart.com/v1/AUTH_svc.pdoc00001/LPP280/9e7a5c6b8b5e44e18129a35f898440e9_thb.jpg,2022-06-02-07.40.18.000467, C070,N,0,http://inventoryv2.copart.io/v1/lotImages/38586312?country=us&brand=cprt&yardNumber=1,LX,2022-05-28T08:00:43Z,N,N
40,1,CA - VALLEJO,20220603,FRIDAY,1200,PDT,0,38612522,V,1997,CHEVROLET,EXPRESS,EXPRESS G1,,BLACK,FRONT END,MECHANICAL,CA,SC,YES,E,1GBFG15M0V1078257,0,E,6003,5269.18,5.0L  8,Rear-wheel drive,AUTOMATIC,GAS,8,DEFAULT,On Minimum Bid,0,,VALLEJO,CA,94590 7203,USA,USD,cs.copart.com/v1/AUTH_svc.pdoc00001/LPP282/8acd46dd06f4449e95a990776b29556b_thb.jpg,2022-06-02-07.40.18.000467,SD008,N,2200,http://inventoryv2.copart.io/v1/lotImages/38612522?country=us&brand=cprt&yardNumber=1,,2022-05-27T20:40:51Z,N,N
41,1,CA - VALLEJO,20220603,FRIDAY,1200,PDT,0,38652342,V,2004,BMW,Z4,Z4 3.0,,SILVER,FRONT END,,CA,DQ,YES,E,4USBT53534LU08608,0,E,0,0,3.0L  6,Rear-wheel drive,AUTOMATIC,GAS,6,DEFAULT,On Minimum Bid,200,,VALLEJO,CA,94590 7203,USA,USD,cs.copart.com/v1/AUTH_svc.pdoc00001/LPP280/b033ffa008904b8f955f597e14ad6cbd_thb.jpg,2022-06-02-07.40.18.000467, A040,Y,1250,http://inventoryv2.copart.io/v1/lotImages/38652342?country=us&brand=cprt&yardNumber=1,3,2022-05-27T19:55:56Z,N,N
42,1,CA - VALLEJO,20220603,FRIDAY,1200,PDT,0,38792952,V,2020,MERCEDES-BENZ,GLB-CLASS,GLB 250,,BLACK,FRONT END,SIDE,CA,SC,YES,S,WDC4M4GB8LW003552,9335,N,42095,30000,2.0L  4,Front-wheel Drive,AUTOMATIC,GAS,4,Vehicle Starts,On Minimum Bid,8200,,VALLEJO,CA,94590 7203,USA,USD,cs.copart.com/v1/AUTH_svc.pdoc00001/LPP283/a756e45f632042459bea161cb89d37b6_thb.jpg,2022-06-02-07.40.18.000468, A080,N,0,http://inventoryv2.copart.io/v1/lotImages/38792952?country=us&brand=cprt&yardNumber=1,250,2022-05-27T20:35:07Z,N,N
43,1,CA - VALLEJO,20220603,FRIDAY,1200,PDT,0,38839392,V,2003,FORD,F150,F-150,,GRAY,MECHANICAL,,CA,DQ,YES,E,1FTRW076X3KB93377,183801,E,0,0,4.6L  8,Rear-wheel drive,AUTOMATIC,GAS,8,DEFAULT,On Minimum Bid,0,,VALLEJO,CA,94590 7203,USA,USD,cs.copart.com/v1/AUTH_svc.pdoc00001/LPP290/087e724b36844ff287d30527e479ae48_thb.jpg,2022-06-02-07.40.18.000468,SH007,N,0,http://inventoryv2.copart.io/v1/lotImages/38839392?country=us&brand=cprt&yardNumber=1,SUPERCREW,2022-06-02T02:02:05Z,N,N
44,1,CA - VALLEJO,0,,,PDT,0,38898632,V,2015,MAZDA,3,3 GRAND TO,,BLACK,REAR END,,CA,SC,YES,D,3MZBM1M71FM225668,86200,A,13668,14237.44,2.0L  4,Front-wheel Drive,AUTOMATIC,GAS,4,Run & Drive Verified,Pure Sale,250,,VALLEJO,CA,94590 7203,USA,USD,cs.copart.com/v1/AUTH_svc.pdoc00001/LPP282/cbbebf2eedc6448a914f07a86ff1657f_thb.jpg,2022-06-02-07.40.18.000468, A010,N,0,http://inventoryv2.copart.io/v1/lotImages/38898632?country=us&brand=cprt&yardNumber=1,GRAND TOURING,2022-05-17T19:18:17Z,N,N
45,1,CA - VALLEJO,20220603,FRIDAY,1200,PDT,0,39012942,V,2014,KIA,OPTIMA,OPTIMA EX,,BLACK,FRONT END,,CA,SC,YES,E,5XXGN4A79EG301231,0,N,16275,0,2.4L  4,Front-wheel Drive,AUTOMATIC,GAS,4,DEFAULT,On Minimum Bid,0,,VALLEJO,CA,94590 7203,USA,USD,cs.copart.com/v1/AUTH_svc.pdoc00001/LPP282/94f862a27ab241caaa831ca973c4f177_thb.jpg,2022-06-02-07.40.18.000469, B070,N,0,http://inventoryv2.copart.io/v1/lotImages/39012942?country=us&brand=cprt&yardNumber=1,EX,2022-05-28T08:00:45Z,N,N
46,1,CA - VALLEJO,0,,,PDT,0,39032212,K,2018,FREIGHTLINER,ALL OTHER,M2 106 MED,,WHITE,FRONT END,TOP/ROOF,CA,SC,YES,E,3ALACWFC6JDJW4690,0,N,78565,54995,6.7L  6,Rear-wheel drive,AUTOMATIC,DIESEL,6,DEFAULT,Pure Sale,0,VEH LOCATED @ FAIRFLD SUBLOT,VALLEJO,CA,94590 7203,USA,USD,cs.copart.com/v1/AUTH_svc.pdoc00001/LPP285/85534ebe6edc41e794c9076d100db79c_thb.jpg,2022-06-02-07.40.18.000469,CC060,N,0,http://inventoryv2.copart.io/v1/lotImages/39032212?country=us&brand=cprt&yardNumber=1,106 MEDIUM DUTY,2022-06-02T07:01:00Z,N,N
47,1,CA - VALLEJO,20220603,FRIDAY,1200,PDT,0,39050452,V,2006,NISSAN,ALTIMA,ALTIMA S,,MAROON,SIDE,,CA,AQ,YES,D,1N4AL11D86N378667,196999,A,2224,3144.81,2.5L  4,Front-wheel Drive,,GAS,4,Run & Drive Verified,Pure Sale,0,,VALLEJO,CA,94590 7203,USA,USD,cs.copart.com/v1/AUTH_svc.pdoc00001/PIX503/013de7e0-432a-4ebd-945a-57eb36e34ab7.JPG,2022-06-02-07.40.18.000469, B070,N,0,http://inventoryv2.copart.io/v1/lotImages/39050452?country=us&brand=cprt&yardNumber=1,S,2022-05-26T22:05:12Z,N,N
48,1,CA - VALLEJO,20220603,FRIDAY,1200,PDT,0,39147972,V,2000,FORD,EXPLORER,EXPLORER E,,GREEN,SIDE,,CA,SC,YES,E,1FMZU64E6YZA38677,196286,A,4572,0,4.0L  6,Rear-wheel drive,AUTOMATIC,GAS,6,DEFAULT,Pure Sale,200,,VALLEJO,CA,94590 7203,USA,USD,cs.copart.com/v1/AUTH_svc.pdoc00001/LPP284/de3eec9251394a978d1fb11114e9b036_thb.jpg,2022-06-02-07.40.18.000470, E040,N,0,http://inventoryv2.copart.io/v1/lotImages/39147972?country=us&brand=cprt&yardNumber=1,EDDIE BAUER,2022-05-26T19:13:21Z,N,N
49,1,CA - VALLEJO,0,,,PDT,0,39410082,V,2020,TOYOTA,TUNDRA,TUNDRA CRE,,WHITE,FRONT END,REAR END,CA,SC,YES,D,5TFAY5F19LX930520,27691,A,54070,39589.52,5.7L  8,4x4 w/Rear Wheel Drv,AUTOMATIC,GAS,8,Run & Drive Verified,On Minimum Bid,0,,VALLEJO,CA,94590 7203,USA,USD,cs.copart.com/v1/AUTH_svc.pdoc00001/LPP292/8240a369fe584260ad9efcec5f576a07_thb.jpg,2022-06-02-07.40.18.000516,SH009,N,0,http://inventoryv2.copart.io/v1/lotImages/39410082?country=us&brand=cprt&yardNumber=1,CREWMAX 1794,2022-05-24T17:50:59Z,N,N
